CARRIER,Seat_CNXL_Rate
American,0.006289946709789549
Delta,0.009753876084000527
