CARRIER,Seat_CNXL_Rate
American,0.001119887131617188
Delta,0.0006221074908718808
