CARRIER,Seat_CNXL_Rate
American,0.0013816602777864347
Delta,0.0009759568025101244
