CARRIER,Seat_CNXL_Rate
American,0.004114044578366044
Delta,0.003971327315379003
